{
    "loss": 2.0891194343566895,
    "accuracy": 0.8448275923728943
}